company_permalink,funding_round_permalink,funding_round_type,raised_amount_usd,name,homepage_url,category_list,status,country_code,state_code,primary_sector,main_sector,count_main_Sec,total_amt_invst_main_Sec
/organization/indianroots,/funding-round/f9e85b60f976b7a5e873de366db64159,venture,5000000.0,IndianRoots,http://www.indianroots.in/,Designers|E-Commerce|Fashion|Online Shopping,operating,IND,10,Designers,Automotive & Sports,13,136900000
/organization/tonbo-imaging,/funding-round/a8423b53ae8e4995bd52a48eaf5014e0,venture,6400000.0,Tonbo Imaging,http://tonboimaging.com,Design,operating,IND,19,Design,Automotive & Sports,13,136900000
/organization/ani-technologies,/funding-round/1e2b54335e2a41d8d7db25b7c11db399,venture,5000000.0,Ola,http://www.olacabs.com,Automotive|E-Commerce|Internet|Mobile|Mobile Commerce|Public Transportation|Transportation,operating,IND,28,Automotive,Automotive & Sports,13,136900000
/organization/ather-energy,/funding-round/a3782f52b69e60629bcf7866ca8b1eca,venture,12000000.0,Ather Energy,http://www.atherenergy.com,Automotive|Electric Vehicles,operating,IND,19,Automotive,Automotive & Sports,13,136900000
/organization/cardekho,/funding-round/3875ae874b0511ede2f7d8597e0d126f,venture,15000000.0,Cardekho,http://www.cardekho.com/,Automotive|Cars|Online Shopping,operating,IND,10,Automotive,Automotive & Sports,13,136900000
/organization/incredible-technologies-pvt-ltd,/funding-round/6a4ce4ed8be26c7a2d0a24f4a92fd958,venture,15000000.0,Incredible Technologies (CredR),http://www.credr.com/,Automotive,operating,IND,16,Automotive,Automotive & Sports,13,136900000
/organization/taxiforsure-com,/funding-round/29b13629e3dd0f4d53ab84a6c89548c2,venture,10000000.0,TaxiForSure.com,http://www.taxiforsure.com,Automotive|Transportation,acquired,IND,19,Automotive,Automotive & Sports,13,136900000
/organization/zoomcar-india,/funding-round/a7cdd2e85e583a992e021b323b7374ad,venture,8000000.0,ZoomCar,http://www.zoomcar.in,Automotive|Consumers|E-Commerce|Transportation,operating,IND,19,Automotive,Automotive & Sports,13,136900000
/organization/zoomcar-india,/funding-round/de560f3d008b7662d844e48fa1e467b3,venture,11000000.0,ZoomCar,http://www.zoomcar.in,Automotive|Consumers|E-Commerce|Transportation,operating,IND,19,Automotive,Automotive & Sports,13,136900000
/organization/mistral-solutions,/funding-round/4688f3f8860d92330aa64f6f6aa0dd39,venture,6500000.0,Mistral Solutions,http://www.mistralsolutions.com,Aerospace|Defense|Embedded Hardware and Software|Homeland Security|Product Development Services,operating,IND,19,Aerospace,Automotive & Sports,13,136900000
/organization/makemytrip-com,/funding-round/166d99cdc07eaac55d15b24d197e3fff,venture,15000000.0,MakeMyTrip.com,http://makemytrip.com,Transportation|Travel,ipo,IND,10,Transportation,Automotive & Sports,13,136900000
/organization/makemytrip-com,/funding-round/6bc57a33607a3317b89a4c97011cbfff,venture,13000000.0,MakeMyTrip.com,http://makemytrip.com,Transportation|Travel,ipo,IND,10,Transportation,Automotive & Sports,13,136900000
/organization/mahindra-first-choice,/funding-round/fd1878def2e38049665344ee9f2b22eb,venture,15000000.0,Mahindra First Choice,http://mahindrafirstchoice.com/,Cars|Retail|Services,operating,IND,,Cars,Automotive & Sports,13,136900000
/organization/avesthagen,/funding-round/8935d99998ad41f42cc3a483bcf6d518,venture,5530000.0,Avesthagen,http://www.avesthagen.com,Biotechnology,operating,IND,19,Biotechnology,Cleantech / Semiconductors,20,165380000
/organization/centre-for-sight,/funding-round/409e41d62076ba665657f3fc5a1c3dc2,venture,5000000.0,Centre for Sight,http://centreforsight.net,Biotechnology,operating,IND,7,Biotechnology,Cleantech / Semiconductors,20,165380000
/organization/core-diagnostics,/funding-round/e8c215c48f596a3160193302d8cc09e1,venture,5000000.0,Core Diagnostics,http://corediagnostics.in,Biotechnology|Health Diagnostics,operating,IND,10,Biotechnology,Cleantech / Semiconductors,20,165380000
/organization/omni-hospitals,/funding-round/734f972917a468cbaa0fced4c60310fe,venture,9800000.0,Omni Hospitals,http://omnihospitals.in,Biotechnology,operating,IND,2,Biotechnology,Cleantech / Semiconductors,20,165380000
/organization/perfint-healthcare,/funding-round/b201a471e03ce013b07862b1bd0526b1,venture,7200000.0,Perfint Healthcare,http://www.perfinthealthcare.com,Biotechnology,operating,IND,25,Biotechnology,Cleantech / Semiconductors,20,165380000
/organization/perfint-healthcare,/funding-round/d44cb7e9425c1f6e585f8db67e83de60,venture,8000000.0,Perfint Healthcare,http://www.perfinthealthcare.com,Biotechnology,operating,IND,25,Biotechnology,Cleantech / Semiconductors,20,165380000
/organization/perfint-healthcare,/funding-round/f5438b69c0406857d2700d5175e670f9,venture,14000000.0,Perfint Healthcare,http://www.perfinthealthcare.com,Biotechnology,operating,IND,25,Biotechnology,Cleantech / Semiconductors,20,165380000
/organization/trivitron-healthcare,/funding-round/ed1f3de908fd9a6fae61b539af414ba2,venture,11000000.0,Trivitron Healthcare,http://www.trivitron.com,Biotechnology,operating,IND,25,Biotechnology,Cleantech / Semiconductors,20,165380000
/organization/vyome-biosciences,/funding-round/339647785b60e71ab176256b8a062774,venture,8000000.0,Vyome Biosciences,http://www.vyome.in/,Biotechnology|Life Sciences,operating,IND,7,Biotechnology,Cleantech / Semiconductors,20,165380000
/organization/attero-recycling,/funding-round/9a6defe462ba6ead2ac67bc1018da77c,venture,6300000.0,Attero,http://www.attero.in,Clean Technology,operating,IND,36,Clean Technology,Cleantech / Semiconductors,20,165380000
/organization/azure-power,/funding-round/1c6480a986cbafcba46ad2f3306692ee,venture,10000000.0,Azure Power,http://www.azurepower.com,Clean Technology|Energy|Renewable Energies,operating,IND,7,Clean Technology,Cleantech / Semiconductors,20,165380000
/organization/azure-power,/funding-round/2b680b2096110b05d299a96a181ac4cc,venture,15000000.0,Azure Power,http://www.azurepower.com,Clean Technology|Energy|Renewable Energies,operating,IND,7,Clean Technology,Cleantech / Semiconductors,20,165380000
/organization/azure-power,/funding-round/51c67311704b819d181cc4f14d2fd4e8,venture,13600000.0,Azure Power,http://www.azurepower.com,Clean Technology|Energy|Renewable Energies,operating,IND,7,Clean Technology,Cleantech / Semiconductors,20,165380000
/organization/azure-power,/funding-round/e29585d71a3321857d0d18afc49275fa,venture,8600000.0,Azure Power,http://www.azurepower.com,Clean Technology|Energy|Renewable Energies,operating,IND,7,Clean Technology,Cleantech / Semiconductors,20,165380000
/organization/bharat-light-and-power-group-private-limited,/funding-round/bc8fe7e67df39a38a43e1f685c2dd2a2,venture,6100000.0,Bharat Light and Power Group,http://www.blp.co.in/,Clean Technology,operating,IND,10,Clean Technology,Cleantech / Semiconductors,20,165380000
/organization/bharat-light-and-power-group-private-limited,/funding-round/be5bfb57585efe6fdc73833d069811b0,venture,9250000.0,Bharat Light and Power Group,http://www.blp.co.in/,Clean Technology,operating,IND,10,Clean Technology,Cleantech / Semiconductors,20,165380000
/organization/kotak-urja,/funding-round/0e282351b3a80aa3c67857cca0785632,venture,8000000.0,Kotak Urja,http://www.kotakurja.com,Clean Technology,operating,IND,19,Clean Technology,Cleantech / Semiconductors,20,165380000
/organization/nsl-renewable-power,/funding-round/1f718f99a4e38d2e84527cbe98a81f47,venture,5000000.0,NSL Renewable Power,http://nslpower.com,Clean Technology,operating,IND,2,Clean Technology,Cleantech / Semiconductors,20,165380000
/organization/sunborne-energy,/funding-round/398f17d9ef7baa37215a8a92a43489bc,venture,5000000.0,SunBorne Energy,http://sunborneenergy.com,Clean Technology,operating,IND,10,Clean Technology,Cleantech / Semiconductors,20,165380000
/organization/sunborne-energy,/funding-round/b81e2f68ee21dcd79f0fdb4b1a9f5696,venture,5000000.0,SunBorne Energy,http://sunborneenergy.com,Clean Technology,operating,IND,10,Clean Technology,Cleantech / Semiconductors,20,165380000
/organization/-fame,/funding-round/9a01d05418af9f794eebff7ace91f638,venture,10000000.0,#fame,http://livfame.com,Media,operating,IND,16,Media,Entertainment,33,280830000
/organization/dhruva,/funding-round/6035248811c9530b11bd442d9239a0b1,venture,5000000.0,Dhruva,http://www.dhruva.com/,Games,operating,IND,19,Games,Entertainment,33,280830000
/organization/games2win,/funding-round/6b024f4906c288c66d1df966e6aeb256,venture,5000000.0,Games2Win,http://www.games2win.com,Games,operating,IND,16,Games,Entertainment,33,280830000
/organization/games2win,/funding-round/b095563fd43d1e4fd16da3f4bcd040af,venture,6000000.0,Games2Win,http://www.games2win.com,Games,operating,IND,16,Games,Entertainment,33,280830000
/organization/pokkt,/funding-round/adb94c131e001a7438a4695d873d8dc1,venture,5000000.0,POKKT,http://www.pokkt.com,Games,operating,IND,16,Games,Entertainment,33,280830000
/organization/taggle-internet-ventures-private,/funding-round/e9948bcf99cef341ba917e917bd1ec3d,venture,8750000.0,Taggle Internet Ventures Private,http://www.taggle.com,Games,closed,IND,19,Games,Entertainment,33,280830000
/organization/adlabs-imagica,/funding-round/508d3c83daaae9fda3ba6f9682c78f6c,venture,8180000.0,Adlabs Imagica,http://www.adlabsimagica.com,Entertainment|Tourism,operating,IND,16,Entertainment,Entertainment,33,280830000
/organization/cleartrip,/funding-round/9948b3e11a512230539666870fe8a6fa,venture,8000000.0,Cleartrip,http://www.cleartrip.com,Travel,operating,IND,16,Travel,Entertainment,33,280830000
/organization/cleartrip,/funding-round/b71847894698280ebac4cadf5fc83ed4,venture,5400000.0,Cleartrip,http://www.cleartrip.com,Travel,operating,IND,16,Travel,Entertainment,33,280830000
/organization/tripfactory,/funding-round/96cb159e796b822f988b5e85ad35db63,venture,10000000.0,Tripfactory,http://www.tripfactory.com,Travel,operating,IND,19,Travel,Entertainment,33,280830000
/organization/via-3,/funding-round/b4fd1f5501f0d2151e068836762af021,venture,5000000.0,Via,http://in.via.com,Travel,operating,IND,19,Travel,Entertainment,33,280830000
/organization/yatra-online,/funding-round/281679a1da45adb2f5d6a6bdf1665eac,venture,14500000.0,Yatra,http://www.Yatra.com,Travel,operating,IND,10,Travel,Entertainment,33,280830000
/organization/yatra-online,/funding-round/cddcb607fce252c841f7f794839c7e33,venture,5000000.0,Yatra,http://www.Yatra.com,Travel,operating,IND,10,Travel,Entertainment,33,280830000
/organization/apalya,/funding-round/21e89efcaeab1bb1f61323686af357bf,venture,7500000.0,Apalya,http://www.apalya.com/,Content|Digital Media|Entertainment|Mobile|Video Streaming,operating,IND,2,Content,Entertainment,33,280830000
/organization/apalya,/funding-round/fc622ba39384746a32c974c1c5891438,venture,8000000.0,Apalya,http://www.apalya.com/,Content|Digital Media|Entertainment|Mobile|Video Streaming,operating,IND,2,Content,Entertainment,33,280830000
/organization/moonfrog-labs,/funding-round/f476be881f95cf246fc14050242e654d,venture,15000000.0,Moonfrog Labs,http://www.moonfroglabs.com/,Game,operating,IND,19,Game,Entertainment,33,280830000
/organization/collectabillia-com,/funding-round/3f8a09e3a1b7115d5f9d87fa712306b2,venture,7500000.0,Collectabillia.com,https://www.collectabillia.com/,Fashion|Sports,operating,IND,19,Fashion,Entertainment,33,280830000
/organization/collectabillia-com,/funding-round/8c84532aaa164d60c613bfedc5173503,venture,7500000.0,Collectabillia.com,https://www.collectabillia.com/,Fashion|Sports,operating,IND,19,Fashion,Entertainment,33,280830000
/organization/freecultr,/funding-round/2dbe6a774a5083772ad79e5a21272e6a,venture,9000000.0,FREECULTR,http://www.freecultr.com,Fashion|Marketplaces|Mens Specific|Textiles|Women,operating,IND,10,Fashion,Entertainment,33,280830000
/organization/nykaa,/funding-round/3c5cddbebc48a2e55e3f11b3c0b371f0,venture,9500000.0,Nykaa,http://nykaa.com,Fashion,operating,IND,16,Fashion,Entertainment,33,280830000
/organization/valyoo-technologies,/funding-round/02acde3e029c690f8ed7080f1a865a67,venture,10000000.0,Valyoo Technologies,http://www.valyoo.in,Fashion,operating,IND,7,Fashion,Entertainment,33,280830000
/organization/vardhman-textiles,/funding-round/14b5ad9bb5e394a76ad00945fa7aa452,venture,5000000.0,Vardhman Textiles,http://vardhman.com,Fashion,operating,IND,23,Fashion,Entertainment,33,280830000
/organization/yebhi,/funding-round/b55985c3d44073454f5ec467f1171643,venture,12000000.0,Yebhi,http://yebhi.com,Fashion|Gift Card|Home & Garden|Jewelry|Mobile|Online Shopping|Shoes|Sports,operating,IND,10,Fashion,Entertainment,33,280830000
/organization/yebhi,/funding-round/e137d2c6d83ac8193f615b21c9e3eae5,venture,9000000.0,Yebhi,http://yebhi.com,Fashion|Gift Card|Home & Garden|Jewelry|Mobile|Online Shopping|Shoes|Sports,operating,IND,10,Fashion,Entertainment,33,280830000
/organization/zivame-com,/funding-round/9d4cebf6f37a27bab727a819fd5afb7c,venture,6000000.0,Zivame.com,http://www.askforoffer.com,Fashion|Internet|Lingerie,operating,IND,19,Fashion,Entertainment,33,280830000
/organization/zomato,/funding-round/9aa69621dc90860eaa4c5ad2f4581e89,venture,10000000.0,Zomato,https://www.zomato.com/,Content Discovery|Hospitality|Local Search|Restaurants,operating,IND,10,Content Discovery,Entertainment,33,280830000
/organization/sportzvillage,/funding-round/8935f549b4a126ac7f6c84273cd75f57,venture,10000000.0,SportzVillage,http://www.sportzvillage.com/index.html,Events|Media|Sports,operating,IND,16,Events,Entertainment,33,280830000
/organization/smartairtrip,/funding-round/4d2c9536675834b20b36e3ad6aead99f,venture,10000000.0,Smartairtrip,http://smartairtrip.com/,Hotels|Online Reservations|Travel & Tourism,operating,IND,7,Hotels,Entertainment,33,280830000
/organization/chef-s-basket,/funding-round/b4d86bd15405c6a70ebbf724befc214a,venture,6000000.0,Chef's Basket,http://www.chefsbasket.in/,Restaurants,operating,IND,16,Restaurants,Entertainment,33,280830000
/organization/octro-2,/funding-round/adf009d58ab33a2ac3ea792ebb120e71,venture,15000000.0,Octro,http://octro.com,Online Gaming,operating,IND,7,Online Gaming,Entertainment,33,280830000
/organization/livspace,/funding-round/8c6fdd230ae9e06797e722d678f47474,venture,8000000.0,Livspace,http://www.livspace.com/,Interior Design,operating,IND,19,Interior Design,Entertainment,33,280830000
/organization/holidayiq-com,/funding-round/c402dcbdd413b7ea344a5681a4428645,venture,15000000.0,HolidayIQ,http://www.holidayiq.com,Resorts|Surveys|Travel,operating,IND,19,Resorts,Entertainment,33,280830000
/organization/holidayiq-com,/funding-round/dc7808dc9ce1446e2e915fc85125c476,venture,5000000.0,HolidayIQ,http://www.holidayiq.com,Resorts|Surveys|Travel,operating,IND,19,Resorts,Entertainment,33,280830000
/organization/cura-healthcare,/funding-round/9541dbe3d0c92742116ed2873e904353,venture,6000000.0,CURA Healthcare,http://cura.in,Health and Wellness|Hospitals|Manufacturing|Medical Devices,operating,IND,25,Health and Wellness,Health,19,167740000
/organization/cura-healthcare,/funding-round/fc80e3aa5f32fe007fd35f570b0887ed,venture,9000000.0,CURA Healthcare,http://cura.in,Health and Wellness|Hospitals|Manufacturing|Medical Devices,operating,IND,25,Health and Wellness,Health,19,167740000
/organization/cygnus-medicare,/funding-round/065553b66fba530b1a316816c3c4c9d1,venture,9760000.0,Cygnus Medicare,http://www.cygnusmedicare.com/,Health and Wellness,operating,IND,7,Health and Wellness,Health,19,167740000
/organization/eye-q,/funding-round/c6078b2eb1584871318adfa3c4448dcd,venture,9500000.0,Eye-Q,http://eyeqindia.com,Health and Wellness,operating,IND,10,Health and Wellness,Health,19,167740000
/organization/ivy-health-and-life-sciences,/funding-round/2f87bbfa7607026906beabe876148938,venture,12100000.0,Ivy Health and Life Sciences,http://ivyhospital.com,Health and Wellness,operating,IND,23,Health and Wellness,Health,19,167740000
/organization/lybrate,/funding-round/4ef104336df45e95c80caff20538ec84,venture,10200000.0,Lybrate,https://www.lybrate.com/,Health and Wellness,operating,IND,7,Health and Wellness,Health,19,167740000
/organization/milk-mantra,/funding-round/924be083c917d8ac047241c53fdf651b,venture,13080000.0,Milk Mantra,http://www.milkmantra.com,Health and Wellness,operating,IND,21,Health and Wellness,Health,19,167740000
/organization/nephroplus,/funding-round/d7c1421a134f0ba7c6a5a5d658250172,venture,10000000.0,NephroPlus,http://www.nephroplus.com,Health and Wellness,operating,IND,2,Health and Wellness,Health,19,167740000
/organization/sequent-scientific,/funding-round/274bccac2532791f0aac12bd0f9b635c,venture,8400000.0,SeQuent Scientific,http://sequent.in,Cosmetics|Pharmaceuticals|Services,ipo,IND,19,Cosmetics,Health,19,167740000
/organization/forus-health,/funding-round/d1661440b2a7426eb6b6936cd5111992,venture,5000000.0,Forus Health,http://forushealth.com,Health Care,operating,IND,19,Health Care,Health,19,167740000
/organization/forus-health,/funding-round/ec9d6802389ed053dffb07ac9ee8acfd,venture,8400000.0,Forus Health,http://forushealth.com,Health Care,operating,IND,19,Health Care,Health,19,167740000
/organization/medwell-ventures,/funding-round/18d3d07274107d9338d082b99821cec1,venture,10000000.0,Medwell Ventures,http://medwellventures.com/,Health Care|Healthcare Services,operating,IND,19,Health Care,Health,19,167740000
/organization/mydentist,/funding-round/8bc5527b5f83ac34a8aa28c61e439acf,venture,8000000.0,MyDentist,http://mydentist.co.in,Health Care,operating,IND,16,Health Care,Health,19,167740000
/organization/mydentist,/funding-round/b1b5dbefec49800b9791f8974990e41c,venture,10000000.0,MyDentist,http://mydentist.co.in,Health Care,operating,IND,16,Health Care,Health,19,167740000
/organization/portea-medical,/funding-round/c608fef63d3a5f68227b386c0507a293,venture,9000000.0,Portea Medical,http://www.portea.com,Health Care|Healthcare Services|Medical,operating,IND,19,Health Care,Health,19,167740000
/organization/bookmycab,/funding-round/0ab6c67c41d90203d4cf7915cc28c937,venture,6500000.0,Bookmycab,http://bookmycab.com,Public Transportation,operating,IND,16,Public Transportation,Health,19,167740000
/organization/satnav-technologies,/funding-round/afe3b8e89a3a576b33483396bcb315c8,venture,7000000.0,SatNav Technologies,http://www.satnavtechnologies.com,Public Transportation,closed,IND,2,Public Transportation,Health,19,167740000
/organization/hopscotch-4,/funding-round/5e9877df18f0a9234f7c15db50f076ae,venture,10800000.0,Hopscotch,http://www.hopscotch.in/special/FB/Paid,Baby Accessories|Consumer Goods|E-Commerce|Kids|Online Shopping|Retail,operating,IND,16,Baby Accessories,Health,19,167740000
/organization/dogspot,/funding-round/db2c26135d424bdc6fb72983e70ae85b,venture,5000000.0,DogSpot,http://dogspot.in,Pets,operating,IND,10,Pets,Health,19,167740000
/organization/hector-beverages,/funding-round/900e65979f6cfff7f3641f7f6698c35a,venture,8000000.0,Hector Beverages,http://hectorbeverages.com,Consumer Goods|Specialty Foods,operating,IND,10,Consumer Goods,Manufacturing,21,200900000
/organization/id-fresh-food,/funding-round/e73983f3b8d4fc244bd38fbee3156195,venture,5700000.0,iD Fresh Food,http://idspecial.com/,Consumer Goods|Online Shopping|Retail|Specialty Foods,operating,IND,19,Consumer Goods,Manufacturing,21,200900000
/organization/lenskart-com,/funding-round/61dcfa49f9c7fce64986aef3affaa885,venture,10000000.0,Lenskart.com,http://www.lenskart.com,Consumer Goods|Eyewear|Online Shopping,operating,IND,7,Consumer Goods,Manufacturing,21,200900000
/organization/skanray-technologies,/funding-round/1e189972394c2d9fa49eb6297c0fce57,venture,14750000.0,Skanray Technologies,http://skanray.com,Manufacturing,operating,IND,19,Manufacturing,Manufacturing,21,200900000
/organization/somany-ceramics,/funding-round/d73608c269b537a0a76f1a5db7957545,venture,8000000.0,Somany Ceramics,http://somanyceramics.com,Manufacturing,operating,IND,36,Manufacturing,Manufacturing,21,200900000
/organization/dixon-technologies,/funding-round/4706b97ec7264fc01c951a6c0c8de6b9,venture,9350000.0,Dixon Technologies,http://www.dixoninfo.com,Hardware + Software,operating,IND,36,Hardware + Software,Manufacturing,21,200900000
/organization/electronic-payment-and-services,/funding-round/c7087296aaa1e6ee33e9d174022ad444,venture,6000000.0,Electronic Payment and Services (EPS),http://electronicpay.in,Hardware + Software,operating,IND,16,Hardware + Software,Manufacturing,21,200900000
/organization/electronic-payment-and-services,/funding-round/cabd3c8428576ef3018e1c91812a732e,venture,5000000.0,Electronic Payment and Services (EPS),http://electronicpay.in,Hardware + Software,operating,IND,16,Hardware + Software,Manufacturing,21,200900000
/organization/iyogi,/funding-round/1ac13bec9aee1b4d601bfca3f8236f9d,venture,15000000.0,iYogi,http://www.iyogi.com,Computers|Hardware + Software|Information Technology|Tech Field Support,operating,IND,10,Computers,Manufacturing,21,200900000
/organization/iyogi,/funding-round/96d3e0fd7f1ce826cd51991335824bc2,venture,9500000.0,iYogi,http://www.iyogi.com,Computers|Hardware + Software|Information Technology|Tech Field Support,operating,IND,10,Computers,Manufacturing,21,200900000
/organization/qwikcilver-solutions,/funding-round/808e7d242f2fb256fd338f355d476bdc,venture,10000000.0,QwikCilver Solutions,http://qwikcilver.com,Computers|Software,operating,IND,19,Computers,Manufacturing,21,200900000
/organization/grofers-trusted-delivery-partner,/funding-round/1b49726913c4571659a0649c10ec0bf9,venture,10000000.0,Grofers,http://grofers.com,Consumer Electronics|Groceries|Pharmaceuticals|Retail,operating,IND,10,Consumer Electronics,Manufacturing,21,200900000
/organization/letsbuy-com,/funding-round/85dc4a91874b52b5370e2ebe0ce16520,venture,6000000.0,LetsBuy.com,http://www.letsbuy.com,Consumer Electronics|E-Commerce,acquired,IND,10,Consumer Electronics,Manufacturing,21,200900000
/organization/bakers-circle,/funding-round/9725f0dc5dc4bf295cd047b4887a10f5,venture,9600000.0,Bakers Circle,http://www.bakerscircle.co.in/index.html,Food Processing,operating,IND,7,Food Processing,Manufacturing,21,200900000
/organization/chai-point,/funding-round/d40413cd302a9501f87ebcc648675295,venture,10000000.0,Chai Point,http://chaipoint.com/,Food Processing,operating,IND,19,Food Processing,Manufacturing,21,200900000
/organization/mamagoto,/funding-round/8ff82f28edb491f7af606a20ef390af2,venture,10000000.0,Mamagoto,http://www.mamagoto.in/,Food Processing,operating,IND,7,Food Processing,Manufacturing,21,200900000
/organization/veeba-foods,/funding-round/09897a7c2739cb6d7f923b517023f4a3,venture,6000000.0,Veeba Foods,http://www.veeba.in,Food Processing,operating,IND,7,Food Processing,Manufacturing,21,200900000
/organization/yuhi-hospitality,/funding-round/67f8ee43e605335e111aab41ba4846fc,venture,15000000.0,YUHI Hospitality,http://www.yuhihospitality.com/index.php,Food Processing,operating,IND,10,Food Processing,Manufacturing,21,200900000
/organization/speakwell-enterprises,/funding-round/19cbf81d9a92002b425f6fa1f687abe1,venture,10000000.0,Speakwell Enterprises,http://speakwell.co.in,Communications Infrastructure|Language Learning|Professional Networking,operating,IND,16,Communications Infrastructure,Manufacturing,21,200900000
/organization/power-mech-projects,/funding-round/00161c80dde2459f9fa5b289c657c0dd,venture,13000000.0,Power Mech Projects,http://www.powermechprojects.in/,Construction,operating,IND,2,Construction,Manufacturing,21,200900000
/organization/zopnow,/funding-round/a0fa8c6ccaa3f11f3f0f196e03ff7449,venture,10000000.0,ZopNow,http://www.zopnow.com,Groceries|Logistics,operating,IND,19,Groceries,Manufacturing,21,200900000
/organization/chillr-2,/funding-round/c5477ed0c5d0f47db4d010094abcd317,venture,6000000.0,Chillr,http://chillr.in,Apps|Banking|Mobile Payments,operating,IND,13,Apps,"News, Search and Messaging",52,433834545
/organization/jugnoo,/funding-round/89fc1dc3e31be5732df0fcabca9a0c08,venture,5000000.0,JUGNOO,https://jugnoo.in/#/,Apps|Social Business|Software,operating,IND,5,Apps,"News, Search and Messaging",52,433834545
/organization/peppertap,/funding-round/2c5621fec872c82f48ebbab0b7cfa6a0,venture,10000000.0,PepperTap,http://www.peppertap.com,Apps|Groceries|Online Shopping,operating,IND,10,Apps,"News, Search and Messaging",52,433834545
/organization/tinyowl-technology,/funding-round/6139214390beddb0910642f6c5bf27b6,venture,7665775.0,TinyOwl Technology,http://tinyowl.com/,Apps|Mobile|Specialty Foods,operating,IND,16,Apps,"News, Search and Messaging",52,433834545
/organization/urbanclap,/funding-round/9aed96d15d4c1588f2ad0c294da9b867,venture,10000000.0,UrbanClap,https://www.urbanclap.com,Apps,operating,IND,7,Apps,"News, Search and Messaging",52,433834545
/organization/babajob,/funding-round/b72eaac5ea12ac0f50573ac3d6d46b8d,venture,10000000.0,Babajob,http://www.babajob.com,Curated Web|Information Technology|Services|Staffing Firms,operating,IND,19,Curated Web,"News, Search and Messaging",52,433834545
/organization/bharat-matrimony,/funding-round/e37673bc7b0f1dfd3782f8f7abdb9ec8,venture,11750000.0,Bharat Matrimony,http://www.bharatmatrimony.com,Curated Web|Match-Making,operating,IND,25,Curated Web,"News, Search and Messaging",52,433834545
/organization/bluestone-com,/funding-round/452a7fc1f34df2d3dcda4e28234bc671,venture,5000000.0,Bluestone.com,http://bluestone.com,Curated Web,operating,IND,19,Curated Web,"News, Search and Messaging",52,433834545
/organization/bluestone-com,/funding-round/f5b252d6442ce231bb01586ca1821f63,venture,10000000.0,Bluestone.com,http://bluestone.com,Curated Web,operating,IND,19,Curated Web,"News, Search and Messaging",52,433834545
/organization/fourinteractive,/funding-round/a0ef5f6e0c69a9060c1649c076999336,venture,10000000.0,Four Interactive,http://www.fourint.com,Curated Web,operating,IND,19,Curated Web,"News, Search and Messaging",52,433834545
/organization/localbanya,/funding-round/087fbb346606a864c03199ec3189e67b,venture,5000000.0,LocalBanya,http://localbanya.com,Curated Web,operating,IND,16,Curated Web,"News, Search and Messaging",52,433834545
/organization/localoye,/funding-round/b56bf538e5e50ae038359a6334862a5a,venture,5000000.0,LocalOye,http://localoye.com,Curated Web,operating,IND,16,Curated Web,"News, Search and Messaging",52,433834545
/organization/mobikwik,/funding-round/6cb899c717aab8ff314ca4b257124377,venture,5000000.0,MobiKwik,http://www.mobikwik.com,Curated Web|Internet|Mobile|Mobile Payments|Payments|Service Providers|Telecommunications,operating,IND,10,Curated Web,"News, Search and Messaging",52,433834545
/organization/money-on-mobile,/funding-round/fe6c80376b0e82118d2716049a1f411c,venture,10000000.0,Money On Mobile,http://www.money-on-mobile.net,Curated Web|Mobile,operating,IND,16,Curated Web,"News, Search and Messaging",52,433834545
/organization/people-interactive-india,/funding-round/676779479b50d51083380efe537c2647,venture,8000000.0,People Interactive (India),,Curated Web,operating,IND,16,Curated Web,"News, Search and Messaging",52,433834545
/organization/quikr-india,/funding-round/9e35c5ba470175ec270fa3f0a91b861d,venture,8000000.0,Quikr,http://www.quikr.com,Curated Web,operating,IND,16,Curated Web,"News, Search and Messaging",52,433834545
/organization/quikr-india,/funding-round/c1fe5a6efa7446f94011ea1fc7e85b31,venture,6000000.0,Quikr,http://www.quikr.com,Curated Web,operating,IND,16,Curated Web,"News, Search and Messaging",52,433834545
/organization/redbus-in,/funding-round/484ff1c76277bcd7e4735e873201ed5f,venture,6428770.0,redBus.in,http://www.redbus.in,Curated Web,acquired,IND,19,Curated Web,"News, Search and Messaging",52,433834545
/organization/reviews42,/funding-round/6a48bc19efeeebae749cb5ac7a94c945,venture,5000000.0,Reviews42,http://www.reviews42.com,Curated Web|Reviews and Recommendations,operating,IND,7,Curated Web,"News, Search and Messaging",52,433834545
/organization/wooplr,/funding-round/fbf708f52d42786c92e90c60a5b86de2,venture,5000000.0,Wooplr,http://www.wooplr.com,Curated Web|Social Buying,operating,IND,19,Curated Web,"News, Search and Messaging",52,433834545
/organization/ezetap,/funding-round/e83111429b478da4bb431302547c5be0,venture,8000000.0,Ezetap,http://www.ezetap.com,Mobile,operating,IND,19,Mobile,"News, Search and Messaging",52,433834545
/organization/gupshup-technology-india-pvt-ltd,/funding-round/71721a78fc81dfa670cd197fe1b212f7,venture,11000000.0,GupShup,http://gupshup.me,Mobile,operating,IND,16,Mobile,"News, Search and Messaging",52,433834545
/organization/gupshup-technology-india-pvt-ltd,/funding-round/a7ef11d7ccf8a17f6a3e632719eb2fd0,venture,12000000.0,GupShup,http://gupshup.me,Mobile,operating,IND,16,Mobile,"News, Search and Messaging",52,433834545
/organization/gupshup-technology-india-pvt-ltd,/funding-round/d5ded8e836ff6d528660c57ed6eae134,venture,10000000.0,GupShup,http://gupshup.me,Mobile,operating,IND,16,Mobile,"News, Search and Messaging",52,433834545
/organization/imimobile,/funding-round/143caeae3cfc9803f96104c95d0ca17b,venture,13000000.0,IMImobile,http://openhouse.imimobile.com,Mobile,ipo,IND,2,Mobile,"News, Search and Messaging",52,433834545
/organization/imimobile,/funding-round/46d6663cf64df96350ae7d6f8ed5b76f,venture,10000000.0,IMImobile,http://openhouse.imimobile.com,Mobile,ipo,IND,2,Mobile,"News, Search and Messaging",52,433834545
/organization/mobile2win-india,/funding-round/50396c66ef239f1d5afea76ca98a76c4,venture,15000000.0,Mobile2Win India,http://www.mobile2win.com,Mobile,operating,IND,16,Mobile,"News, Search and Messaging",52,433834545
/organization/nazara-technologies,/funding-round/34d6673bf774ce1e3b2f3515aa9c7c33,venture,7000000.0,Nazara Technologies,http://nazara.com,Mobile,operating,IND,16,Mobile,"News, Search and Messaging",52,433834545
/organization/one97-communications,/funding-round/ac4c5d2150ee33a759530418cc1a921e,venture,10000000.0,One97 Communications,http://www.one97.com,Mobile,operating,IND,7,Mobile,"News, Search and Messaging",52,433834545
/organization/sms-gupshup,/funding-round/9522a14d83fcad63bb5e3ab067180a9c,venture,12000000.0,SMS GupShup,http://www.smsgupshup.com,Mobile,operating,IND,16,Mobile,"News, Search and Messaging",52,433834545
/organization/sms-gupshup,/funding-round/e04aeffe9fcc86a8c206b2f40f816dfe,venture,10000000.0,SMS GupShup,http://www.smsgupshup.com,Mobile,operating,IND,16,Mobile,"News, Search and Messaging",52,433834545
/organization/teledna,/funding-round/6d4d5a9d5f8d28744b3f4cd1f96da3d0,venture,10490000.0,TeleDNA,http://www.teledna.com,Mobile,operating,IND,19,Mobile,"News, Search and Messaging",52,433834545
/organization/guruji,/funding-round/3830d561b6d2b233819fc34a2d84cfee,venture,8000000.0,Guruji,http://guruji.com,Search,closed,IND,19,Search,"News, Search and Messaging",52,433834545
/organization/guruji,/funding-round/aa2e369852a530b59b6a1030aa92e8c7,venture,7000000.0,Guruji,http://guruji.com,Search,closed,IND,19,Search,"News, Search and Messaging",52,433834545
/organization/belong,/funding-round/d2aac20c2a8f93bd58384b69863b5e37,venture,5000000.0,Belong,https://belong.co/,Internet,operating,IND,19,Internet,"News, Search and Messaging",52,433834545
/organization/shadowfax-technologies,/funding-round/1b67546a8af18e47aaac66378d0e2425,venture,8500000.0,Shadowfax Technologies,http://shadowfax.in/,Internet,operating,IND,10,Internet,"News, Search and Messaging",52,433834545
/organization/the-porter,/funding-round/b101bb2918394f6e86106c4128cdaf95,venture,5500000.0,The Porter,https://theporter.in/index.php,Internet|Logistics|Startups,operating,IND,16,Internet,"News, Search and Messaging",52,433834545
/organization/webshastra-pvt-ltd,/funding-round/4d5287b2a942bedd11ca2654b86a4fe0,venture,10000000.0,Webshastra,http://www.webshastra.com/,Internet|Internet Marketing|Services,acquired,IND,19,Internet,"News, Search and Messaging",52,433834545
/organization/zinka-logistics,/funding-round/0721ee226924328d3d1fce3cbbd78fb1,venture,6000000.0,Zinka Logistics,,Internet|Logistics|Marketplaces|Supply Chain Management,operating,IND,19,Internet,"News, Search and Messaging",52,433834545
/organization/zoomo,/funding-round/473111947c0915402be71b8b61ec62f6,venture,5000000.0,Zoomo,http://www.gozoomo.com/,Internet,operating,IND,19,Internet,"News, Search and Messaging",52,433834545
/organization/chakpak-media,/funding-round/adf8b78d8d5330fb6af36acb1c634149,venture,5000000.0,Chakpak Media,http://www.chakpak.com,News,operating,IND,19,News,"News, Search and Messaging",52,433834545
/organization/surewaves,/funding-round/460445ad5662a5636ad08d86e116e2a7,venture,5700000.0,SureWaves,http://surewaves.com,News,operating,IND,19,News,"News, Search and Messaging",52,433834545
/organization/roadrunnr,/funding-round/17c10e253b191e8fb74e6544cbdd92f8,venture,11000000.0,Roadrunnr,http://www.roadrunnr.in/,Delivery,operating,IND,19,Delivery,"News, Search and Messaging",52,433834545
/organization/roadrunnr,/funding-round/feed53766b4cc22aa6b85ee6d86c4071,venture,10000000.0,Roadrunnr,http://www.roadrunnr.in/,Delivery,operating,IND,19,Delivery,"News, Search and Messaging",52,433834545
/organization/knowlarity-communications,/funding-round/d8b6a99998fde022192407a15ce6df48,venture,6500000.0,Knowlarity Communications,http://knowlarity.com,Cloud Computing|Emerging Markets|SaaS|Small and Medium Businesses|Software|Telephony,operating,IND,10,Cloud Computing,"News, Search and Messaging",52,433834545
/organization/hike,/funding-round/8555dec0ba4fd695a52f9d42f7f1b3a6,venture,14000000.0,hike,http://get.hike.in,Messaging|Mobile,operating,IND,7,Messaging,"News, Search and Messaging",52,433834545
/organization/hike,/funding-round/ca8b9cc2f6a17d06e1bddbeb5f4b6264,venture,7000000.0,hike,http://get.hike.in,Messaging|Mobile,operating,IND,7,Messaging,"News, Search and Messaging",52,433834545
/organization/culturealley,/funding-round/e12b008b75901d1fa7dcd3ea4edb655b,venture,6500000.0,CultureAlley,http://culturealley.com/,Browser Extensions|Education|Facebook Applications|Language Learning,operating,IND,24,Browser Extensions,"News, Search and Messaging",52,433834545
/organization/matrimony-com,/funding-round/64a9bc96bdc28e9974437636319293b8,venture,11750000.0,Matrimony.com,http://www.matrimony.com,Classifieds|Curated Web,operating,IND,25,Classifieds,"News, Search and Messaging",52,433834545
/organization/matrimony-com,/funding-round/9be31068bb05cf7e77454fc63f33cbb6,venture,8650000.0,Matrimony.com,http://www.matrimony.com,Classifieds|Curated Web,operating,IND,25,Classifieds,"News, Search and Messaging",52,433834545
/organization/just-dial,/funding-round/d15d2e445d216378e134d25520f32ba0,venture,10000000.0,Just Dial,http://www.justdial.com,Local Search|Search,closed,IND,16,Local Search,"News, Search and Messaging",52,433834545
/organization/easylink,/funding-round/f92ac5893a7701a416e76b8067f45e95,venture,5400000.0,EasyLink,http://www.xlweb.com,Web Design|Web Development|Web Hosting,ipo,IND,25,Web Design,"News, Search and Messaging",52,433834545
/organization/21diamonds-india,/funding-round/6de7ffef8091ba9f33821f4b861f434a,venture,6369507.0,21Diamonds,http://www.21diamonds.de,E-Commerce,operating,IND,10,E-Commerce,Others,110,1013409507
/organization/bestylish-com,/funding-round/8f9ccb7142b83f0d41c9d83a18612fbe,venture,10000000.0,beStylish.com,http://www.bestylish.com,E-Commerce|Fashion|Shoes,closed,IND,10,E-Commerce,Others,110,1013409507
/organization/caratlane,/funding-round/df866e22da2bfc6cfc797385ea5fb071,venture,6000000.0,CaratLane,http://www.caratlane.com,E-Commerce|Jewelry,operating,IND,25,E-Commerce,Others,110,1013409507
/organization/caratlane,/funding-round/ead9f057edb0d007c54f76e5cf5f2375,venture,15000000.0,CaratLane,http://www.caratlane.com,E-Commerce|Jewelry,operating,IND,25,E-Commerce,Others,110,1013409507
/organization/carwale,/funding-round/048e4c7981ff8e74dfce568a1a9b94d5,venture,7000000.0,CarWale,http://www.carwale.com,E-Commerce,acquired,IND,16,E-Commerce,Others,110,1013409507
/organization/citrus,/funding-round/a204ffee17d2ed910020c2cd9c47c95a,venture,5500000.0,Citrus Payment,http://citruspay.com,E-Commerce|Mobile Payments|Payments,operating,IND,16,E-Commerce,Others,110,1013409507
/organization/fashion-you,/funding-round/210d7b1dba7fcdbc68d77b8a7191fe37,venture,10000000.0,Fashion & You,http://fashionandyou.com,E-Commerce|Fashion|Internet|Lifestyle|Retail,operating,IND,10,E-Commerce,Others,110,1013409507
/organization/fashion-you,/funding-round/aac38bdb593e4692c3b871415a6258a2,venture,8000000.0,Fashion & You,http://fashionandyou.com,E-Commerce|Fashion|Internet|Lifestyle|Retail,operating,IND,10,E-Commerce,Others,110,1013409507
/organization/firstcry-com,/funding-round/23b1769412d24510dfc7a56ab1f12e4d,venture,15000000.0,FirstCry.com,http://www.firstcry.com,E-Commerce,operating,IND,16,E-Commerce,Others,110,1013409507
/organization/firstcry-com,/funding-round/727bda07de7b5eaf31e484cb803b3c38,venture,10000000.0,FirstCry.com,http://www.firstcry.com,E-Commerce,operating,IND,16,E-Commerce,Others,110,1013409507
/organization/firstcry-com,/funding-round/c2bd1e484cde75ff8b15f2ca4682e5cb,venture,14000000.0,FirstCry.com,http://www.firstcry.com,E-Commerce,operating,IND,16,E-Commerce,Others,110,1013409507
/organization/flipkart,/funding-round/c3ab876cebcee95d4cae9f399386e9db,venture,10000000.0,Flipkart,http://www.flipkart.com,E-Commerce|Online Shopping,operating,IND,19,E-Commerce,Others,110,1013409507
/organization/homeshop18,/funding-round/13f564f6635df96481e81f18528ce90a,venture,14000000.0,HomeShop18,http://www.homeshop18.com,E-Commerce|Online Shopping|Retail,closed,IND,36,E-Commerce,Others,110,1013409507
/organization/india-property-online,/funding-round/7d67950c66f0f482a91584c1ce12f41f,venture,7000000.0,India Property Online,http://indiaproperty.com,E-Commerce,operating,IND,25,E-Commerce,Others,110,1013409507
/organization/india-property-online,/funding-round/f31e6da2a8798359968c89a3a71845a8,venture,12000000.0,India Property Online,http://indiaproperty.com,E-Commerce,operating,IND,25,E-Commerce,Others,110,1013409507
/organization/limeroad,/funding-round/7b2780b5ba0aa8e1cdb4c4e1586a9a3a,venture,5000000.0,LimeRoad,http://www.limeroad.com,E-Commerce|Social Media,operating,IND,10,E-Commerce,Others,110,1013409507
/organization/limeroad,/funding-round/8fb89dd64b186869e4fc63d83366eb12,venture,15000000.0,LimeRoad,http://www.limeroad.com,E-Commerce|Social Media,operating,IND,10,E-Commerce,Others,110,1013409507
/organization/mydala,/funding-round/d813ce0d2c168e0f5cab4509143ba0bc,venture,6000000.0,mydala,http://www.mydala.com,E-Commerce,operating,IND,7,E-Commerce,Others,110,1013409507
/organization/myntra,/funding-round/65f2f52fa05db3ea45d600f553b7e36f,venture,5000000.0,Myntra,http://www.myntra.com,E-Commerce,acquired,IND,19,E-Commerce,Others,110,1013409507
/organization/myntra,/funding-round/d7a04ce178d3b08fa6b5d2615cce0d8e,venture,14000000.0,Myntra,http://www.myntra.com,E-Commerce,acquired,IND,19,E-Commerce,Others,110,1013409507
/organization/myntra,/funding-round/eb9bbb874c5c8efe9f34291e98132727,venture,8000000.0,Myntra,http://www.myntra.com,E-Commerce,acquired,IND,19,E-Commerce,Others,110,1013409507
/organization/myntra,/funding-round/f54c00f0bf314c8709f46c32d29018b7,venture,11000000.0,Myntra,http://www.myntra.com,E-Commerce,acquired,IND,19,E-Commerce,Others,110,1013409507
/organization/naaptol,/funding-round/7aaf6111490d4e715b90998b5cb56cee,venture,8500000.0,Naaptol,http://www.naaptol.com/,E-Commerce,operating,IND,16,E-Commerce,Others,110,1013409507
/organization/nobel-hygiene,/funding-round/0f5a2cdac05a32f5274ba4515a71b7f7,venture,11500000.0,Nobel Hygiene,http://www.nobelhygiene.com,E-Commerce,operating,IND,16,E-Commerce,Others,110,1013409507
/organization/paymate-india,/funding-round/16dd1d062d27cb53962e16d327ca04ec,venture,9000000.0,PayMate India,http://www.gopaymate.com,E-Commerce|FinTech,operating,IND,16,E-Commerce,Others,110,1013409507
/organization/paymate-india,/funding-round/1fe24fc780c407435162b6be797528e7,venture,5000000.0,PayMate India,http://www.gopaymate.com,E-Commerce|FinTech,operating,IND,16,E-Commerce,Others,110,1013409507
/organization/pepperfry-com,/funding-round/24e78f9986888b14bf100696234f1b7c,venture,8000000.0,Pepperfry.com,http://www.pepperfry.com,E-Commerce,operating,IND,16,E-Commerce,Others,110,1013409507
/organization/pepperfry-com,/funding-round/6b0417be8e2dfc535ef173d7d82272d8,venture,5000000.0,Pepperfry.com,http://www.pepperfry.com,E-Commerce,operating,IND,16,E-Commerce,Others,110,1013409507
/organization/pepperfry-com,/funding-round/de293ecb39aa0be2a16e36b47ab2da90,venture,15000000.0,Pepperfry.com,http://www.pepperfry.com,E-Commerce,operating,IND,16,E-Commerce,Others,110,1013409507
/organization/roposo,/funding-round/0f647fc9ce894a49ec19697b6ab4deab,venture,15000000.0,Roposo,http://www.roposo.com/,E-Commerce|Fashion,operating,IND,10,E-Commerce,Others,110,1013409507
/organization/roposo,/funding-round/e03620ed4609968f0da4b2a72defff45,venture,5000000.0,Roposo,http://www.roposo.com/,E-Commerce|Fashion,operating,IND,10,E-Commerce,Others,110,1013409507
/organization/snapdeal,/funding-round/d773d6b5d8a7964f19bbb6e02b6cd6dd,venture,12000000.0,Snapdeal,http://www.snapdeal.com,E-Commerce,operating,IND,7,E-Commerce,Others,110,1013409507
/organization/tastykhana,/funding-round/85e21211990f9a27a192c6f73f47aa2b,venture,5000000.0,TastyKhana,http://tastykhana.in,E-Commerce|Internet,acquired,IND,16,E-Commerce,Others,110,1013409507
/organization/teabox,/funding-round/e1caa7e7be9c7c948b32486dbe4f5f66,venture,6000000.0,Teabox,http://www.teabox.com,E-Commerce|Specialty Foods,operating,IND,28,E-Commerce,Others,110,1013409507
/organization/urban-ladder,/funding-round/126e22a872ea73786792c5bf51cc0147,venture,5000000.0,Urban Ladder,http://www.urbanladder.com,E-Commerce|Furniture|Home Decor|Home & Garden|Internet|Technology,operating,IND,19,E-Commerce,Others,110,1013409507
/organization/voonik-com,/funding-round/9ae37229e404135923a8f7e18a8314b1,venture,5000000.0,Voonik,http://voonik.com,E-Commerce|Fashion|Lifestyle|Social Media,operating,IND,19,E-Commerce,Others,110,1013409507
/organization/voylla-retail-pvt-ltd,/funding-round/e75b35919cefc102295d2be82651c6a2,venture,15000000.0,Voylla Retail Pvt. Ltd.,http://www.voylla.com,E-Commerce,operating,IND,19,E-Commerce,Others,110,1013409507
/organization/hippocampus-learning-centres,/funding-round/72308a27cc9921b487d08481c926a01a,venture,13000000.0,Hippocampus Learning Centres,http://www.hlc.org.in,Education,operating,IND,19,Education,Others,110,1013409507
/organization/hippocampus-learning-centres,/funding-round/e2f3c60223b199ff55c44bd58c84cd5d,venture,5000000.0,Hippocampus Learning Centres,http://www.hlc.org.in,Education,operating,IND,19,Education,Others,110,1013409507
/organization/iprof-learning-solutions,/funding-round/0b08b0e63e79c8d76d2b37e8425009da,venture,9000000.0,iProf Learning Solutions,http://iprofindia.com,Education,operating,IND,36,Education,Others,110,1013409507
/organization/iprof-learning-solutions,/funding-round/d30bdbf0f3774a5b437d04714560ca9d,venture,6000000.0,iProf Learning Solutions,http://iprofindia.com,Education,operating,IND,36,Education,Others,110,1013409507
/organization/maharana-infrastructure-and-professional-services-private-limited-mips,/funding-round/6ed1243491118b85cc90c43031600820,venture,13300000.0,Maharana Infrastructure and Professional Services Private Limited (MIPS),http://mips.in,Education|Infrastructure|Universities,operating,IND,36,Education,Others,110,1013409507
/organization/maharana-infrastructure-and-professional-services-private-limited-mips,/funding-round/8c95c5daa4e2db57c33ae1df1116637f,venture,8300000.0,Maharana Infrastructure and Professional Services Private Limited (MIPS),http://mips.in,Education|Infrastructure|Universities,operating,IND,36,Education,Others,110,1013409507
/organization/toppr,/funding-round/bae6bbed80d649dc3f92a5b0c7cf3f40,venture,10000000.0,Toppr,https://www.toppr.com/,Education,operating,IND,16,Education,Others,110,1013409507
/organization/tutorvista-com,/funding-round/86201e8adc978c2d8109750bdcd6c7c8,venture,10750000.0,TutorVista.com,http://www.tutorvista.com,Education,operating,IND,19,Education,Others,110,1013409507
/organization/vriti-infocom,/funding-round/67aac706a82108fc0f6068901b6293e2,venture,5000000.0,Vriti Infocom,http://www.vriti.com,Education,operating,IND,36,Education,Others,110,1013409507
/organization/azure-hospitality,/funding-round/e1391efe0df02c13bb587907c059c081,venture,10000000.0,Azure Hospitality,http://www.azurehospitality.com/index.html,Hospitality,operating,IND,7,Hospitality,Others,110,1013409507
/organization/meditrina-hospital,/funding-round/c1251f6b458d71372ef51139096bff04,venture,6000000.0,Meditrina Hospital,http://meditrinahospital.com,Hospitality,operating,IND,13,Hospitality,Others,110,1013409507
/organization/reznext,/funding-round/530464df5cd8a33c345e8d03c9b0f7b4,venture,5000000.0,RezNext,http://www.reznext.com/,Hospitality,operating,IND,19,Hospitality,Others,110,1013409507
/organization/treebo-hotels,/funding-round/0b9885e2ebe2e094825e9399e6eda731,venture,6000000.0,Treebo Hotels,http://www.treebohotels.com/,Hospitality,operating,IND,19,Hospitality,Others,110,1013409507
/organization/zo-rooms,/funding-round/c88cfb5fe8cc31d33a07b73aa97c0e04,venture,15000000.0,ZO Rooms,http://bit.ly/1HTcZ90,Hospitality|Hotels,operating,IND,7,Hospitality,Others,110,1013409507
/organization/ameyo,/funding-round/81b50a403d5d2293715fe9b0ce4db5d3,venture,5000000.0,Ameyo,http://www.ameyo.com/,Software,operating,IND,10,Software,Others,110,1013409507
/organization/applabs,/funding-round/29152fc812013ef482c93f6dd47f58ff,venture,10000000.0,AppLabs,http://www.applabs.com,Software,acquired,IND,2,Software,Others,110,1013409507
/organization/appsdaily-solutions,/funding-round/4979e1bb00ddc452753682273fd4466c,venture,5000000.0,Appsdaily Solutions,http://appsdailyworld.com/daily/index.jsp,Software,operating,IND,16,Software,Others,110,1013409507
/organization/canvera-digital-technologies,/funding-round/26650720abe4be67bb6550fd4ee6d063,venture,6500000.0,Canvera Digital Technologies,http://canvera.com,Software,operating,IND,19,Software,Others,110,1013409507
/organization/ce-info-systems,/funding-round/d57117ddaccb125fd20820b29c58116f,venture,9000000.0,CE Info Systems,http://www.mappls.com,Software,operating,IND,7,Software,Others,110,1013409507
/organization/cooptions-technologies,/funding-round/f9ef30574e688d362085cedb688e8fda,venture,10000000.0,Cooptions Technologies,http://www.cooptionstech.com,Software,closed,IND,2,Software,Others,110,1013409507
/organization/elitecore-technologies,/funding-round/cdb001f5219a8b51becf466cfd7c964b,venture,10300000.0,Elitecore Technologies,http://elitecore.com,Software,acquired,IND,9,Software,Others,110,1013409507
/organization/eximsoft-trianz,/funding-round/4bb3bc5f0a816ef3040944eb4632924d,venture,14000000.0,EximSoft-Trianz,http://www.trianz.com,Software,acquired,IND,19,Software,Others,110,1013409507
/organization/eyantra-industries,/funding-round/93e653740ef6c62f7932bb4ca52970de,venture,7500000.0,eYantra Industries,http://www.eyantra.net,Software,operating,IND,2,Software,Others,110,1013409507
/organization/goldvip-technology-solutions-crown-it,/funding-round/531448ca723d1f3befdf3bc185f2c5b9,venture,5500000.0,GoldVIP Technology Solutions (Crown-it),https://crownit.in/,Software,operating,IND,10,Software,Others,110,1013409507
/organization/hurix-systems-private,/funding-round/3e7af64a616df250edaddc10a4b535f2,venture,5100000.0,Hurix Systems Private,http://www.hurix.com,Software,operating,IND,16,Software,Others,110,1013409507
/organization/icreate-software,/funding-round/a6db91cc65af3ad1f15ee31ce40bfa2f,venture,9200000.0,iCreate Software,http://www.icreate.in,Software,operating,IND,19,Software,Others,110,1013409507
/organization/monarch-innovative-technologies,/funding-round/d91793d3d2e096e98950b83614048863,venture,5500000.0,Monarch Innovative Technologies,http://www.monarchinnovative.com,Software,operating,IND,16,Software,Others,110,1013409507
/organization/mysmartprice,/funding-round/04cd55fadc7c4a009e42f24262f4911b,venture,10000000.0,MySmartPrice,http://www.mysmartprice.com,Software,operating,IND,2,Software,Others,110,1013409507
/organization/newgen-software-technologies,/funding-round/0e2fc2b15886c49b0f5494a3fc6c4154,venture,7650000.0,Newgen Software Technologies,http://www.newgensoft.com,Software,operating,IND,7,Software,Others,110,1013409507
/organization/nxtgen-data-center-cloud-services,/funding-round/4f68f0c6b105eb188171e5bc0ba889d9,venture,8800000.0,NxtGen Data Center & Cloud Services,http://nxtgen.co.in,Software,operating,IND,19,Software,Others,110,1013409507
/organization/nxtgen-data-center-cloud-services,/funding-round/e140181cf3d8f102acf1a7f089c12cec,venture,13500000.0,NxtGen Data Center & Cloud Services,http://nxtgen.co.in,Software,operating,IND,19,Software,Others,110,1013409507
/organization/prime-focus-technologies,/funding-round/7e60364bb1d3719e3ed8cec873f420bd,venture,7500000.0,Prime Focus Technologies,http://primefocustechnologies.com,Software,operating,IND,16,Software,Others,110,1013409507
/organization/quick-heal-technologies,/funding-round/9704078583e11480b7d8016117d58cbb,venture,13000000.0,Quick Heal Technologies,http://quickheal.co.in,Software,operating,IND,16,Software,Others,110,1013409507
/organization/girnarsoft,/funding-round/f5be3a7b98fb70b0e2b1d019357dd782,venture,15000000.0,GirnarSoft,http://www.girnarsoft.com,Enterprise Software|Mobile Software Tools|Mobility|Web Development,operating,IND,24,Enterprise Software,Others,110,1013409507
/organization/ittiam-systems-pvt,/funding-round/f7cb3e67a9efe87f7337146edff31a17,venture,6500000.0,Ittiam Systems (Pvt),http://www.ittiam.com,Enterprise Software,operating,IND,19,Enterprise Software,Others,110,1013409507
/organization/paladion,/funding-round/746b4503020b09a53569d2a3fcb97d3a,venture,10000000.0,Paladion,http://paladion.net,Enterprise Software|Information Security|Risk Management,operating,IND,19,Enterprise Software,Others,110,1013409507
/organization/power2sme,/funding-round/a974def4f8ef26f9a3ace7888fda2795,venture,6800000.0,Power2SME,http://www.power2sme.com,Enterprise Software,operating,IND,16,Enterprise Software,Others,110,1013409507
/organization/power2sme,/funding-round/bbc22f6730120ee7f0423a65041bbeea,venture,6000000.0,Power2SME,http://www.power2sme.com,Enterprise Software,operating,IND,16,Enterprise Software,Others,110,1013409507
/organization/classteacher-learning-systems,/funding-round/8be54e916f26b7702504530e6719305f,venture,15000000.0,Classteacher Learning Systems,http://www.classteacher.com,EdTech|Education,operating,IND,10,EdTech,Others,110,1013409507
/organization/excelsoft,/funding-round/78a873ec6436bc1e721684ff98a1e27d,venture,8620000.0,Excelsoft,http://www.excelindia.com,EdTech|Education,operating,IND,19,EdTech,Others,110,1013409507
/organization/k-12-techno-services,/funding-round/68574f53ff9d3c64f929e6134c62b391,venture,15000000.0,K-12 Techno Services,http://k12technoservices.com,EdTech|Education,operating,IND,2,EdTech,Others,110,1013409507
/organization/vedantu-innovations,/funding-round/3a43823b83ed4491d7dc7b9593c0177f,venture,5000000.0,Vedantu,http://www.vedantu.com,EdTech|Education|Mobile|Technology|Tutoring,operating,IND,19,EdTech,Others,110,1013409507
/organization/oneassist-consumer-solutions,/funding-round/c6d76f1ddf1e83504fe227ee002ea496,venture,7720000.0,OneAssist,http://oneassist.in,SaaS|Security,closed,IND,16,SaaS,Others,110,1013409507
/organization/tejas-networks-india,/funding-round/ca35a0fd045367f9b501a9a433e2c907,venture,15000000.0,Tejas Networks India,http://www.tejasnetworks.com,Web Hosting,operating,IND,19,Web Hosting,Others,110,1013409507
/organization/aujas-networks,/funding-round/9793ed8d2e233e19a66bd4484eac0bf1,venture,5400000.0,Aujas Networks,http://www.aujas.com,Security,operating,IND,19,Security,Others,110,1013409507
/organization/firepro-systems,/funding-round/0c07d20e8c6352a323d65a675308a212,venture,12000000.0,Firepro Systems,http://www.fireprosystems.com,Security,operating,IND,19,Security,Others,110,1013409507
/organization/ipolicy-networks,/funding-round/5960ab7542caab51f2b89207bebd258b,venture,15000000.0,iPolicy Networks,http://www.ipolicynet.com,Security,operating,IND,36,Security,Others,110,1013409507
/organization/securens,/funding-round/1ac22ef7af67c792cd6d8bd5f050865f,venture,5000000.0,Securens,http://securens.in,Security,operating,IND,16,Security,Others,110,1013409507
/organization/sapience-analytics-private-limited,/funding-round/575e4717fad1cca79c2849fad134559e,venture,7400000.0,Sapience Analytics Private Limited,http://sapience.net,Human Resources|Task Management,operating,IND,16,Human Resources,Others,110,1013409507
/organization/ariisto,/funding-round/2a3a5fb06cd92186431fbe8fb6dfd23b,venture,12000000.0,Ariisto,http://ariisto.com,Real Estate,operating,IND,16,Real Estate,Others,110,1013409507
/organization/casa-grande,/funding-round/4d9670ec07f5b299550766779fd081f6,venture,9500000.0,Casa Grande,http://casagrande.in,Real Estate,operating,IND,25,Real Estate,Others,110,1013409507
/organization/commonfloor,/funding-round/2d3d9f68e6902613d06d2aa77852381c,venture,15000000.0,CommonFloor,http://www.commonfloor.com,Real Estate,operating,IND,19,Real Estate,Others,110,1013409507
/organization/commonfloor,/funding-round/a12ed1c351c03594637defd5dc1d58b4,venture,10400000.0,CommonFloor,http://www.commonfloor.com,Real Estate,operating,IND,19,Real Estate,Others,110,1013409507
/organization/commonfloor,/funding-round/f7b71e84e72efc3f9575acd23ed3e694,venture,7500000.0,CommonFloor,http://www.commonfloor.com,Real Estate,operating,IND,19,Real Estate,Others,110,1013409507
/organization/grabhouse,/funding-round/9a8698062fbd814d61eb3e5b498bf406,venture,10000000.0,Grabhouse,http://grabhouse.com,Real Estate,operating,IND,16,Real Estate,Others,110,1013409507
/organization/liases-foras,/funding-round/0102bd151c1419c47ceafc77d5079607,venture,5000000.0,Liases Foras,http://www.liasesforas.com/,Real Estate,operating,IND,16,Real Estate,Others,110,1013409507
/organization/nest-away,/funding-round/a20cdd104ff6d8496595ce4c1279c11a,venture,12000000.0,NestAway,http://nestaway.com,Real Estate,operating,IND,19,Real Estate,Others,110,1013409507
/organization/sanghvi,/funding-round/f705e04e4f01e867603d73b620d80cf7,venture,10000000.0,Sanghvi,http://sanghviholdings.com,Real Estate,operating,IND,16,Real Estate,Others,110,1013409507
/organization/prabhat-fresh,/funding-round/a763aa9601441bb0d3793b40d2ef85ad,venture,12800000.0,Prabhat fresh,http://www.prabhatfresh.com/,Distribution,operating,IND,16,Distribution,Others,110,1013409507
/organization/delhivery,/funding-round/e08082bf9ee57eed440a4ae8e0d960f9,venture,6000000.0,Delhivery,http://delhivery.com,Logistics|Supply Chain Management,operating,IND,10,Logistics,Others,110,1013409507
/organization/opinio-2,/funding-round/9656d1980825112f4c1a72337caa560b,venture,7000000.0,Opinio,http://www.opinioapp.com,Logistics,operating,IND,19,Logistics,Others,110,1013409507
/organization/parcelled-in,/funding-round/24763001dc7138af9d5f097fa66fbd93,venture,5000000.0,Parcelled.in,http://parcelled.in,Logistics,operating,IND,19,Logistics,Others,110,1013409507
/organization/qikpod,/funding-round/fd6dc67b2f5753512ada1a4aa9e8dea0,venture,9000000.0,Qikpod,http://www.qikpod.com/,Logistics,operating,IND,19,Logistics,Others,110,1013409507
/organization/snowman,/funding-round/1250e2c4ed25aabf226d0e56fbbc2d68,venture,10400000.0,Snowman,http://www.snowman.in,Logistics|Services|Supply Chain Management,closed,IND,19,Logistics,Others,110,1013409507
/organization/trucksfirst,/funding-round/2501aa2b94918fe944aee98d294acf4d,venture,10000000.0,TrucksFirst,http://trucksfirst.com,Logistics|Logistics Company|Services,operating,IND,10,Logistics,Others,110,1013409507
/organization/satin-creditcare-network-limited-scnl,/funding-round/6ba1ab0dce75ddd7cf18d8a6fb5b7ff0,venture,8100000.0,Satin Creditcare Network Limited (SCNL),http://satincreditcare.com,Nonprofits,operating,IND,7,Nonprofits,Others,110,1013409507
/organization/itzcash-card-ltd,/funding-round/554a79a8f4b381ad15d6fadc63905da8,venture,10000000.0,ItzCash Card Ltd.,http://itzcash.com,Gift Card,operating,IND,16,Gift Card,Others,110,1013409507
/organization/itzcash-card-ltd,/funding-round/8b6a94dfeb36d406c4afe4d05503a6fd,venture,15000000.0,ItzCash Card Ltd.,http://itzcash.com,Gift Card,operating,IND,16,Gift Card,Others,110,1013409507
/organization/comat-technologies,/funding-round/3a62b7a293f2025a1c74c89a016ae791,venture,6000000.0,Comat Technologies,http://www.comat.com,Governments|Health and Insurance,closed,IND,19,Governments,Others,110,1013409507
/organization/comat-technologies,/funding-round/4d24857fc321f2d54c16573a085b090c,venture,15000000.0,Comat Technologies,http://www.comat.com,Governments|Health and Insurance,closed,IND,19,Governments,Others,110,1013409507
/organization/connectm-technology-solutions,/funding-round/d6b855117c4da75810e0570b66004a06,venture,6000000.0,ConnectM Technology Solutions,http://www.connectm.com,Intellectual Asset Management|M2M|Mobility|Security|Software|Telecommunications,operating,IND,19,Intellectual Asset Management,Others,110,1013409507
/organization/conquest,/funding-round/3b5fbcf5e116cbeb33301f892cdc4dce,venture,6000000.0,Conquest,http://conquest.org.in/,Startups,operating,IND,24,Startups,Others,110,1013409507
/organization/vserv,/funding-round/6442af712aaab254abcae2fe3fea9bc9,venture,11000000.0,Vserv,http://vserv.com,Emerging Markets|Mobile Advertising|Mobile Commerce|South East Asia,operating,IND,16,Emerging Markets,Others,110,1013409507
/organization/eka-software-solutions,/funding-round/2bbd8112aa5429fdf92f13fcb4254f71,venture,6000000.0,Eka Software Solutions,http://www.ekaplus.com,Analytics|Logistics|Software|Storage|Supply Chain Management|Trading,operating,IND,19,Analytics,"Social, Finance, Analytics, Advertising",60,550549550
/organization/eka-software-solutions,/funding-round/7b4c0d627c52b378a7c2b5c2edb10c26,venture,10000000.0,Eka Software Solutions,http://www.ekaplus.com,Analytics|Logistics|Software|Storage|Supply Chain Management|Trading,operating,IND,19,Analytics,"Social, Finance, Analytics, Advertising",60,550549550
/organization/loginext-solutions,/funding-round/ae317438267472aa73cb1ac43e66a525,venture,10000000.0,LogiNext Solutions,http://loginextsolutions.com,Analytics|Big Data Analytics|Data Visualization|Logistics,operating,IND,16,Analytics,"Social, Finance, Analytics, Advertising",60,550549550
/organization/manthan-systems,/funding-round/34b5d3d2bbd104d20d1a62a27220739f,venture,5700000.0,Manthan Systems,http://www.manthansystems.com,Analytics|Big Data Analytics|Business Intelligence|Market Research,operating,IND,19,Analytics,"Social, Finance, Analytics, Advertising",60,550549550
/organization/manthan-systems,/funding-round/384bb8d8bc2a9a1df097f6a4c60e12dc,venture,15000000.0,Manthan Systems,http://www.manthansystems.com,Analytics|Big Data Analytics|Business Intelligence|Market Research,operating,IND,19,Analytics,"Social, Finance, Analytics, Advertising",60,550549550
/organization/manthan-systems,/funding-round/7db541211550feab15626b11aa479116,venture,15000000.0,Manthan Systems,http://www.manthansystems.com,Analytics|Big Data Analytics|Business Intelligence|Market Research,operating,IND,19,Analytics,"Social, Finance, Analytics, Advertising",60,550549550
/organization/manthan-systems,/funding-round/a08435c935a0a43cd9069ad9480f8bb6,venture,15000000.0,Manthan Systems,http://www.manthansystems.com,Analytics|Big Data Analytics|Business Intelligence|Market Research,operating,IND,19,Analytics,"Social, Finance, Analytics, Advertising",60,550549550
/organization/microland,/funding-round/11f00668f3548380aa1524abc34ae913,venture,7300000.0,Microland,http://www.microland.com,Analytics,operating,IND,19,Analytics,"Social, Finance, Analytics, Advertising",60,550549550
/organization/microland,/funding-round/e58d1c7d9fa42b56c3a7410d061d7916,venture,11000000.0,Microland,http://www.microland.com,Analytics,operating,IND,19,Analytics,"Social, Finance, Analytics, Advertising",60,550549550
/organization/spire-technologies,/funding-round/24f7d38c989be63a6b4f78a0e8417484,venture,8000000.0,Spire Technologies,http://spire2grow.com,Analytics,operating,IND,19,Analytics,"Social, Finance, Analytics, Advertising",60,550549550
/organization/amagi-media-labs,/funding-round/f244a91cc714317f6fbbc80dcc1d5135,venture,5500000.0,Amagi Media Labs,http://amagi.com,Advertising,operating,IND,19,Advertising,"Social, Finance, Analytics, Advertising",60,550549550
/organization/daksh-infosoft,/funding-round/06e911ef9150414ccfa3f1b2de74d7c0,venture,6000000.0,Daksh Infosoft,http://www.dakshinfo.com/,Advertising|Web Design|Web Development,acquired,IND,24,Advertising,"Social, Finance, Analytics, Advertising",60,550549550
/organization/ebs-worldwide-services,/funding-round/ee2d3e6f0f8cb42513c8287a77ef1d08,venture,5500000.0,EBS Worldwide Services,http://www.ebsworldwide.com,Advertising,operating,IND,16,Advertising,"Social, Finance, Analytics, Advertising",60,550549550
/organization/ideacts-innovations,/funding-round/4f3089970603552dceda60e07ebb2364,venture,5000000.0,ideacts innovations,http://www.ideacts.com,Advertising,operating,IND,16,Advertising,"Social, Finance, Analytics, Advertising",60,550549550
/organization/komli-media,/funding-round/905a09df7016ecdbedd0cc837f98aa42,venture,15000000.0,Komli Media,http://www.komli.com,Advertising|Analytics|Media,operating,IND,16,Advertising,"Social, Finance, Analytics, Advertising",60,550549550
/organization/komli-media,/funding-round/ad8e771e5c40021bf8ee4d69b4ea351f,venture,6000000.0,Komli Media,http://www.komli.com,Advertising|Analytics|Media,operating,IND,16,Advertising,"Social, Finance, Analytics, Advertising",60,550549550
/organization/komli-media,/funding-round/db65eb2a27c49cb7001079c8392a0791,venture,7000000.0,Komli Media,http://www.komli.com,Advertising|Analytics|Media,operating,IND,16,Advertising,"Social, Finance, Analytics, Advertising",60,550549550
/organization/a-little-world,/funding-round/18d98f82ed392b1609975b81f3e8b3fb,venture,6410000.0,A LITTLE WORLD,http://alittleworld.com,Finance,operating,IND,16,Finance,"Social, Finance, Analytics, Advertising",60,550549550
/organization/agile,/funding-round/cd3dd1c98ce9d0f632d8752163941674,venture,5740000.0,Agile,http://www.agile-ft.com,Finance|Finance Technology|FinTech|Insurance,operating,IND,16,Finance,"Social, Finance, Analytics, Advertising",60,550549550
/organization/annapurna-microfinace,/funding-round/3f03bc9fea4ae59b1ce8c86a0782107e,venture,5000000.0,Annapurna Microfinace,http://ampl.net.in,Finance,operating,IND,21,Finance,"Social, Finance, Analytics, Advertising",60,550549550
/organization/eko-india-financial-services,/funding-round/300494c1131fb4de608417b4801c1008,venture,5500000.0,Eko India Financial Services,http://eko.co.in,Finance|FinTech,operating,IND,10,Finance,"Social, Finance, Analytics, Advertising",60,550549550
/organization/financial-information-network-operations-pvt,/funding-round/fff5471135f5744c4c1062d674350b82,venture,15000000.0,Financial Information Network & Operations Pvt,http://www.fino.co.in,Finance|FinTech,closed,IND,16,Finance,"Social, Finance, Analytics, Advertising",60,550549550
/organization/funds-india,/funding-round/f42af38b4e0ad750686f7b11c230780b,venture,11000000.0,FundsIndia,http://www.fundsindia.com/,Finance|Financial Services,operating,IND,25,Finance,"Social, Finance, Analytics, Advertising",60,550549550
/organization/fusion-microfinance,/funding-round/061a62c19b0ab153d3a824093940c829,venture,8300000.0,Fusion Microfinance,http://fusionmicrofinance.com/,Finance,operating,IND,7,Finance,"Social, Finance, Analytics, Advertising",60,550549550
/organization/grameen-financial-services,/funding-round/708d4daef3a8e398d1f83d6b36156265,venture,13500000.0,Grameen Financial Services,http://gfspl.in,Finance,operating,IND,19,Finance,"Social, Finance, Analytics, Advertising",60,550549550
/organization/grameen-financial-services,/funding-round/dc2aec26465cbd43df90ebf6f5443d1b,venture,8056050.0,Grameen Financial Services,http://gfspl.in,Finance,operating,IND,19,Finance,"Social, Finance, Analytics, Advertising",60,550549550
/organization/indiaideas,/funding-round/afe5584e83fea01ae9fe63ce500daa76,venture,7500000.0,IndiaIdeas,http://www.billdesk.com,Finance|FinTech,operating,IND,9,Finance,"Social, Finance, Analytics, Advertising",60,550549550
/organization/innoviti,/funding-round/4d2aad53c781321218d169ae245d7b7c,venture,5000000.0,Innoviti,http://innoviti.com,Finance,operating,IND,19,Finance,"Social, Finance, Analytics, Advertising",60,550549550
/organization/neogrowth,/funding-round/6bf00aaf781d51ee8e739483a716cbb9,venture,7000000.0,Neogrowth,http://neogrowth.in,Finance,operating,IND,16,Finance,"Social, Finance, Analytics, Advertising",60,550549550
/organization/policybazaar,/funding-round/2ade40a7c538dc0b4c0960e56e2a11fc,venture,5000000.0,PolicyBazaar,http://policybazaar.com,Finance|FinTech,operating,IND,10,Finance,"Social, Finance, Analytics, Advertising",60,550549550
/organization/prizm-payment-services,/funding-round/3bc8b4fd02030f3be310c93a91133803,venture,8000000.0,Prizm Payment Services,http://www.prizmpayments.com,Finance,acquired,IND,25,Finance,"Social, Finance, Analytics, Advertising",60,550549550
/organization/shiram-credit,/funding-round/b1dcdcad5a014b976c3adeeef467e244,venture,15000000.0,Shiram Credit,,Finance,operating,IND,25,Finance,"Social, Finance, Analytics, Advertising",60,550549550
/organization/minglebox,/funding-round/a7a249fb0e30627e5d533584a83df749,venture,7000000.0,Minglebox,http://www.minglebox.com,Social Media,operating,IND,19,Social Media,"Social, Finance, Analytics, Advertising",60,550549550
/organization/capital-float,/funding-round/5f5a0d56ddea9072466c291704e8d178,venture,13000000.0,Capital Float,http://capitalfloat.com,Financial Services|Small and Medium Businesses,operating,IND,19,Financial Services,"Social, Finance, Analytics, Advertising",60,550549550
/organization/lendingkart,/funding-round/cdfe7443b26bba8ea207ad9cdc5bc65c,venture,10000000.0,Lendingkart,https://lendingkart.com/,Financial Services,operating,IND,9,Financial Services,"Social, Finance, Analytics, Advertising",60,550549550
/organization/shubham-housing-development-finance-company,/funding-round/01fa2cff1b6e9acf62138d68b4cbebe0,venture,8000000.0,Shubham Housing Development Finance Company,http://www.shubham.co/index.php,Financial Services|Real Estate,operating,IND,7,Financial Services,"Social, Finance, Analytics, Advertising",60,550549550
/organization/furlenco,/funding-round/0d4b59db60541855bcad1358aeefd351,venture,6000000.0,Furlenco,http://www.furlenco.com,Consumers,operating,IND,19,Consumers,"Social, Finance, Analytics, Advertising",60,550549550
/organization/bankbazaar,/funding-round/3708b1b7941de26744a1bcc1564aa0f0,venture,6000000.0,BankBazaar.com,http://www.bankbazaar.com,Credit Cards|Curated Web|Finance|Insurance|Real Estate Investors,operating,IND,25,Credit Cards,"Social, Finance, Analytics, Advertising",60,550549550
/organization/bankbazaar,/funding-round/ab672bd4430cf537e99fb1588e8caf77,venture,13000000.0,BankBazaar.com,http://www.bankbazaar.com,Credit Cards|Curated Web|Finance|Insurance|Real Estate Investors,operating,IND,25,Credit Cards,"Social, Finance, Analytics, Advertising",60,550549550
/organization/epiance,/funding-round/2aef54cd7f602d46917d3ef7742ce537,venture,7500000.0,Epiance,http://www.epiplex500.com/,Information Technology|Services,operating,IND,19,Information Technology,"Social, Finance, Analytics, Advertising",60,550549550
/organization/industrybuying,/funding-round/e159986b0c7e3b55f5d4c0b8b0c26da2,venture,9000000.0,Industrybuying,http://www.industrybuying.com/,Business Services|Distributors|E-Commerce|Industrial|Online Shopping|Shopping|Supply Chain Management|Wholesale,operating,IND,7,Business Services,"Social, Finance, Analytics, Advertising",60,550549550
/organization/emergent-ventures-india,/funding-round/5876ad2b0fda112ca32b11213fbc4b1e,venture,10040000.0,Emergent Ventures India,http://www.emergent-ventures.com,Consulting,operating,IND,10,Consulting,"Social, Finance, Analytics, Advertising",60,550549550
/organization/excellence4u,/funding-round/00c37d9c952430d16047bf822f2a0cc9,venture,10000000.0,Excellence4u,http://excellence4u.in,Consulting,operating,IND,19,Consulting,"Social, Finance, Analytics, Advertising",60,550549550
/organization/intarvo,/funding-round/110588de9cebb60f7eee1bdc304f0b82,venture,14000000.0,inTarvo,http://www.intarvo.com,Consulting|Outsourcing,operating,IND,36,Consulting,"Social, Finance, Analytics, Advertising",60,550549550
/organization/intarvo,/funding-round/8e2308988abce5a4746d6021a3a08e75,venture,7900000.0,inTarvo,http://www.intarvo.com,Consulting|Outsourcing,operating,IND,36,Consulting,"Social, Finance, Analytics, Advertising",60,550549550
/organization/vizury,/funding-round/ac8e975062d5726b647e7f34c3aa8a2c,venture,9000000.0,Vizury,http://www.vizury.com,Ad Targeting|Advertising|Internet Marketing,operating,IND,19,Ad Targeting,"Social, Finance, Analytics, Advertising",60,550549550
/organization/akosha,/funding-round/908a8813e2273a2bc604bf40a45c15ff,venture,5000000.0,Akosha,http://www.akosha.com,Consumer Internet|Digital Media|Enterprise Software|Mobile,operating,IND,7,Consumer Internet,"Social, Finance, Analytics, Advertising",60,550549550
/organization/shopclues-com,/funding-round/f0525d1aeb1a5d4581d49156ee7fa3e6,venture,15000000.0,ShopClues.com,http://www.shopclues.com,Consumer Internet|E-Commerce|Shopping,operating,IND,10,Consumer Internet,"Social, Finance, Analytics, Advertising",60,550549550
/organization/shopclues-com,/funding-round/fb739bff47f0a80bd74c2b9256a00445,venture,10000000.0,ShopClues.com,http://www.shopclues.com,Consumer Internet|E-Commerce|Shopping,operating,IND,10,Consumer Internet,"Social, Finance, Analytics, Advertising",60,550549550
/organization/yepme-com,/funding-round/cf179033074390a33c0b1cdc3a9f14b9,venture,12700000.0,yepme.com,http://yepme.com,Brand Marketing|Online Shopping|Product Design,operating,IND,10,Brand Marketing,"Social, Finance, Analytics, Advertising",60,550549550
/organization/authorstream,/funding-round/3979f94090a082832e1725917427b7f9,venture,5000000.0,authorSTREAM.com,http://www.authorstream.com,Collaboration|Curated Web|Presentations,operating,IND,5,Collaboration,"Social, Finance, Analytics, Advertising",60,550549550
/organization/qyuki,/funding-round/2d1c4eb6197890911f08237b1135524b,venture,5400000.0,Qyuki,http://www.qyuki.com,Collaboration|Creative|Curated Web|Music,operating,IND,19,Collaboration,"Social, Finance, Analytics, Advertising",60,550549550
/organization/qyuki,/funding-round/94a8a24fa275da6ae289b8df26f42291,venture,10000000.0,Qyuki,http://www.qyuki.com,Collaboration|Creative|Curated Web|Music,operating,IND,19,Collaboration,"Social, Finance, Analytics, Advertising",60,550549550
/organization/apnaloan,/funding-round/43f871c060118fcdf5316b3bf0797618,venture,15000000.0,ApnaPaisa,http://apnapaisa.com,Credit|Finance|Marketplaces,operating,IND,16,Credit,"Social, Finance, Analytics, Advertising",60,550549550
/organization/network18,/funding-round/de492ade4d312663bf01e55c22f4331a,venture,10000000.0,Network18,http://www.infomedia18.in,Public Relations,acquired,IND,7,Public Relations,"Social, Finance, Analytics, Advertising",60,550549550
/organization/crmnext,/funding-round/f9482966ea266f81ba794b3a93e725fa,venture,7003500.0,CRMNEXT,http://www.crmnext.com/,CRM|Software,operating,IND,36,CRM,"Social, Finance, Analytics, Advertising",60,550549550
/organization/unicommerce,/funding-round/df63251436df5be39be26b7569cac951,venture,10000000.0,Unicommerce eSolutions Pvt. Ltd.,http://www.unicommerce.com,Auctions|E-Commerce|Marketplaces|Online Shopping|Retail Technology|SaaS|Search|Software,operating,IND,7,Auctions,"Social, Finance, Analytics, Advertising",60,550549550
/organization/coverfox-insurance-broking,/funding-round/f5078f3a78b3f3f149be9bc105ec0214,venture,12000000.0,Coverfox Insurance,http://www.coverfox.com/,Insurance,operating,IND,16,Insurance,"Social, Finance, Analytics, Advertising",60,550549550
/organization/razorpay,/funding-round/5170659ad92ae8a7528c6932712fcb67,venture,9000000.0,Razorpay,https://razorpay.com/,FinTech|Payments,operating,IND,19,FinTech,"Social, Finance, Analytics, Advertising",60,550549550
/organization/travelguru,/funding-round/58803fbf70b28cbc0a721859898678d3,venture,15000000.0,TravelGuru,http://www.travelguru.com,Career Planning|Curated Web|Transportation|Travel,acquired,IND,16,Career Planning,"Social, Finance, Analytics, Advertising",60,550549550
